{
  "matrix_type": "LowDoseSquares",
  "doses": [
    100,
    250,
    500,
    1000,
    1500,
    2000
  ],
  "rotation_applied": 7.49960245388272e-16,
  "square_positions": [
    [
      4.0,
      192.0
    ],
    [
      572.0,
      192.0
    ],
    [
      1140.0,
      192.0
    ],
    [
      1708.0,
      192.0
    ],
    [
      2276.0,
      192.0
    ],
    [
      2844.0,
      192.0
    ]
  ],
  "pixel_size_nm": 826.8229172803242
}