{
  "matrix_type": "HighDoseSquares",
  "doses": [
    3000,
    5000,
    7000,
    10000,
    15000,
    20000
  ],
  "rotation_applied": 3.7010481783243805e-15,
  "square_positions": [
    [
      184.0,
      154.0
    ],
    [
      709.0,
      154.0
    ],
    [
      1234.0,
      154.0
    ],
    [
      1759.0,
      154.0
    ],
    [
      2284.0,
      154.0
    ],
    [
      2809.0,
      154.0
    ]
  ],
  "pixel_size_nm": 826.8229172803242
}